year,numCandidates,africanAmerican,female,hs_pct,incomeQuartile,poverty,unemp,voter_turnout
2002,3,0,0,0.242246553,second,0.389999986,0.159999996,55.48229965
2006,1,0,0,0.242246553,second,0.389999986,0.159999996,40.37600503
1990,3,0,0,0.245772272,fourth,0.159999996,0.039999999,82.74975439
1998,2,0,0,0.245772272,fourth,0.159999996,0.039999999,61.23397952
2002,3,0,1,0.245772272,fourth,0.159999996,0.039999999,46.56804803
2010,2,1,0,0.245772272,fourth,0.159999996,0.039999999,27.30944526
1988,2,0,0,0.41438356,fourth,0.129999995,0.07,80.16789902
2004,2,0,0,0.41438356,fourth,0.129999995,0.07,60.49188274
2008,2,0,0,0.41438356,fourth,0.129999995,0.07,54.27263738
1990,4,0,0,0.321507752,third,0.25999999,0.090000004,75.397995
1994,2,0,0,0.321507752,third,0.25999999,0.090000004,67.9316864
1998,2,0,0,0.321507752,third,0.25999999,0.090000004,58.80551147
2010,2,0,0,0.321507752,third,0.25999999,0.090000004,35.34609604
1990,4,0,0,0.24409245,third,0.289999992,0.109999999,57.09790627
1994,1,0,0,0.24409245,third,0.289999992,0.109999999,43.45945092
1998,2,1,1,0.24409245,third,0.289999992,0.109999999,29.62428207
2002,4,1,1,0.24409245,third,0.289999992,0.109999999,42.19839552
2006,6,1,1,0.24409245,third,0.289999992,0.109999999,41.9672509
2010,3,1,1,0.24409245,third,0.289999992,0.109999999,37.97272728
1992,5,1,1,0.272577465,second,0.430000007,0.090000004,72.86799385
2000,3,1,1,0.272577465,second,0.430000007,0.090000004,22.88971168
2004,6,1,1,0.272577465,second,0.430000007,0.090000004,59.95564674
2008,2,0,0,0.272577465,second,0.430000007,0.090000004,53.88504161
1988,2,0,0,0.368243247,fourth,0.159999996,0.090000004,68.95161438
1992,2,0,0,0.368243247,fourth,0.159999996,0.090000004,65.40642548
2000,4,0,1,0.368243247,fourth,0.159999996,0.090000004,60.12269974
1990,2,0,0,0.267599285,second,0.370000005,0.159999996,77.125194
1994,2,0,1,0.267599285,second,0.370000005,0.159999996,74.00588076
1998,2,0,1,0.267599285,second,0.370000005,0.159999996,65.11318528
2002,2,0,1,0.267599285,second,0.370000005,0.159999996,65.13090253
2006,2,0,1,0.267599285,second,0.370000005,0.159999996,54.43546425
2010,2,0,0,0.267599285,second,0.370000005,0.159999996,50.81019794
1990,2,0,0,0.222924188,third,0.25999999,0.07,62.36468867
1994,2,0,0,0.222924188,third,0.25999999,0.07,53.4698835
1998,2,0,1,0.222924188,third,0.25999999,0.07,71.72051209
2006,2,0,1,0.222924188,third,0.25999999,0.07,71.72051209
1994,2,0,1,0.200000003,second,0.119999997,0.039999999,69.89280918
1994,2,0,1,0.363184094,third,0.209999993,0.090000004,80.06864415
1998,2,0,1,0.363184094,third,0.209999993,0.090000004,71.41862028
2000,2,0,0,0.363184094,third,0.209999993,0.090000004,59.54171238
2008,2,1,0,0.353658527,first,0.49000001,0.189999998,36.49325037
1992,4,0,1,0.359543234,fourth,0.150000006,0.100000001,44.17805515
1996,2,0,0,0.359543234,fourth,0.150000006,0.100000001,6.536281938
2001,5,1,0,0.359543234,fourth,0.150000006,0.100000001,38.12036174
2004,3,1,0,0.359543234,fourth,0.150000006,0.100000001,37.25753826
1990,2,1,0,0.345294505,third,0.280000001,0.129999995,72.38018252
1998,2,1,0,0.345294505,third,0.280000001,0.129999995,72.92499693
1990,2,0,0,0.349762201,fourth,0.119999997,0.100000001,68.03359985
1994,3,0,0,0.349762201,fourth,0.119999997,0.100000001,63.49089813
1998,2,0,0,0.349762201,fourth,0.119999997,0.100000001,49.63566208
2010,3,0,1,0.349762201,fourth,0.119999997,0.100000001,43.4515686
2011,3,0,0,0.349762201,fourth,0.119999997,0.100000001,51.32472992
1990,4,1,0,0.246923715,first,0.439999998,0.200000003,82.30409925
1994,3,1,1,0.246923715,first,0.439999998,0.200000003,63.84785279
1998,5,0,1,0.246923715,first,0.439999998,0.200000003,57.47383253
2001,2,0,1,0.246923715,first,0.439999998,0.200000003,45.43403841
2002,2,0,1,0.246923715,first,0.439999998,0.200000003,56.62887877
2006,2,0,1,0.246923715,first,0.439999998,0.200000003,39.95629651
2010,2,1,1,0.246923715,first,0.439999998,0.200000003,37.32726436
1993,2,0,0,0.308080822,third,0.140000001,0.059999999,24.14292543
1998,2,0,1,0.308080822,third,0.140000001,0.059999999,41.86364052
2002,1,0,1,0.308080822,third,0.140000001,0.059999999,16.80246252
2010,3,0,1,0.308080822,third,0.140000001,0.059999999,31.20856029
1993,2,1,0,0.251106441,second,0.400000006,0.170000002,32.03927139
2001,4,1,1,0.251106441,second,0.400000006,0.170000002,45.883546
2005,2,1,0,0.251106441,second,0.400000006,0.170000002,19.15295176
2009,3,1,1,0.251106441,second,0.400000006,0.170000002,19.63228709
1988,7,0,0,0.196823478,fourth,0.25999999,0.090000004,51.05639275
1992,3,1,0,0.196823478,fourth,0.25999999,0.090000004,48.3022974
1996,2,1,0,0.196823478,fourth,0.25999999,0.090000004,53.17812193
2000,6,1,1,0.196823478,fourth,0.25999999,0.090000004,45.76584711
2004,7,1,1,0.196823478,fourth,0.25999999,0.090000004,46.07658475
2008,3,1,0,0.196823478,fourth,0.25999999,0.090000004,40.66254937
2010,2,0,1,0.260416657,third,0.150000006,0.07,78.0406709
1988,2,0,0,0.302739739,fourth,0.25999999,0.100000001,65.48973507
1992,3,1,1,0.302739739,fourth,0.25999999,0.100000001,59.70367577
1996,2,0,0,0.302739739,fourth,0.25999999,0.100000001,61.12831472
2000,2,0,1,0.302739739,fourth,0.25999999,0.100000001,38.94290784
2004,2,0,0,0.302739739,fourth,0.25999999,0.100000001,49.98307491
2008,2,0,0,0.302739739,fourth,0.25999999,0.100000001,47.70216801
1998,3,1,0,0.321126759,second,0.370000005,0.140000001,57.24008941
2002,3,1,0,0.321126759,second,0.370000005,0.140000001,51.65419692
2006,3,1,0,0.321126759,second,0.370000005,0.140000001,47.28338807
2010,4,1,0,0.321126759,second,0.370000005,0.140000001,42.02955146
2006,2,1,0,0.48241207,third,0.159999996,0.100000001,76.93967687
1990,2,0,0,0.385428905,fourth,0.100000001,0.07,72.11305907
1994,2,0,0,0.385428905,fourth,0.100000001,0.07,66.15943717
1990,2,0,0,0.316499621,second,0.370000005,0.150000006,63.08881876
1994,2,0,1,0.316499621,second,0.370000005,0.150000006,59.83752194
1998,2,0,0,0.316499621,second,0.370000005,0.150000006,50.49340162
2006,4,1,1,0.316499621,second,0.370000005,0.150000006,40.55462842
2010,3,0,0,0.316499621,second,0.370000005,0.150000006,33.73669291
1990,2,0,0,0.273809522,second,0.400000006,0.159999996,65.09154129
1994,2,0,1,0.273809522,second,0.400000006,0.159999996,69.16608634
2002,2,1,0,0.273809522,second,0.400000006,0.159999996,63.75821072
2006,3,1,0,0.273809522,second,0.400000006,0.159999996,18.95013286
1993,2,0,1,0.277404875,fourth,0.159999996,0.07,27.1563799
1997,4,0,0,0.277404875,fourth,0.159999996,0.07,30.49856574
2001,3,0,0,0.277404875,fourth,0.159999996,0.07,30.66487084
2005,2,0,1,0.277404875,fourth,0.159999996,0.07,13.59187393
1994,2,1,0,0.321637422,first,0.439999998,0.059999999,63.62492398
1998,2,1,0,0.321637422,first,0.439999998,0.059999999,55.7271109
2002,2,1,0,0.321637422,first,0.439999998,0.059999999,61.38818378
2006,3,1,0,0.321637422,first,0.439999998,0.059999999,38.32709694
2007,3,1,1,0.321637422,first,0.439999998,0.059999999,52.45982069
2010,3,1,0,0.321637422,first,0.439999998,0.059999999,39.81312097
1994,2,1,0,0.227262259,third,0.340000004,0.109999999,69.28234138
1998,3,0,1,0.227262259,third,0.340000004,0.109999999,65.86213623
1990,4,0,0,0.29765591,third,0.170000002,0.07,72.50799112
1994,4,0,1,0.29765591,third,0.170000002,0.07,65.37052225
2002,3,0,0,0.29765591,third,0.170000002,0.07,32.68245319
2006,2,0,0,0.29765591,third,0.170000002,0.07,25.62511008
2010,2,0,0,0.29765591,third,0.170000002,0.07,27.63031187
1988,2,0,0,0.375284314,fourth,0.090000004,0.07,63.46125891
1992,2,0,0,0.375284314,fourth,0.090000004,0.07,82.12488765
1996,2,0,0,0.375284314,fourth,0.090000004,0.07,75.72674354
2000,3,0,0,0.375284314,fourth,0.090000004,0.07,75.14135397
2008,2,1,0,0.375284314,fourth,0.090000004,0.07,53.33419157
1994,4,0,0,0.275221229,first,0.460000008,0.159999996,72.35920906
1999,3,1,0,0.275221229,first,0.460000008,0.159999996,62.12297249
2002,3,1,0,0.275221229,first,0.460000008,0.159999996,56.43044949
2010,4,0,0,0.275221229,first,0.460000008,0.159999996,48.18769455
1990,3,1,0,0.278863221,first,0.460000008,0.129999995,72.345005
1994,4,1,1,0.278863221,first,0.460000008,0.129999995,60.67268566
1998,2,1,1,0.278863221,first,0.460000008,0.129999995,47.02689443
2002,2,1,1,0.278863221,first,0.460000008,0.129999995,54.32717399
2006,2,1,1,0.278863221,first,0.460000008,0.129999995,36.84501147
2010,2,1,1,0.278863221,first,0.460000008,0.129999995,30.86638937
1998,2,0,1,0.291082442,third,0.340000004,0.129999995,39.23570597
2002,2,1,0,0.291082442,third,0.340000004,0.129999995,21.66096312
2006,2,0,0,0.291082442,third,0.340000004,0.129999995,25.86691595
1991,2,0,0,0.439024389,second,0.159999996,0.100000001,80.88226139
2002,2,0,0,0.439024389,second,0.159999996,0.100000001,51.7554404
2006,2,0,1,0.439024389,second,0.159999996,0.100000001,45.1208984
1988,3,0,0,0.318181813,first,0.319999993,0.109999999,74.39405796
2000,3,0,1,0.318181813,first,0.319999993,0.109999999,60.0409378
2008,2,0,1,0.318181813,first,0.319999993,0.109999999,54.11284628
1992,2,1,1,0.171428576,first,0.479999989,0.189999998,74.25166437
1997,2,1,1,0.171428576,first,0.479999989,0.189999998,70.2066355
2001,2,1,0,0.171428576,first,0.479999989,0.189999998,55.98719742
2005,2,1,0,0.171428576,first,0.479999989,0.189999998,56.33799758
1990,2,0,0,0.395466,fourth,0.119999997,0.059999999,82.54829179
2002,2,0,0,0.395466,fourth,0.119999997,0.059999999,52.55074341
2006,3,0,0,0.395466,fourth,0.119999997,0.059999999,65.30812314
1990,2,0,0,0.269181997,first,0.379999995,0.109999999,71.49890433
1994,3,0,1,0.269181997,first,0.379999995,0.109999999,70.23889925
1998,2,0,0,0.269181997,first,0.379999995,0.109999999,47.49596778
2006,2,0,0,0.269181997,first,0.379999995,0.109999999,55.48113581
2010,2,0,0,0.269181997,first,0.379999995,0.109999999,46.35712508
1992,2,1,1,0.269005835,first,0.569999993,0.140000001,55.23989781
1996,2,1,0,0.269005835,first,0.569999993,0.140000001,69.08044005
2000,2,1,0,0.269005835,first,0.569999993,0.140000001,66.02770855
2004,2,1,0,0.269005835,first,0.569999993,0.140000001,56.99810316
2008,2,1,0,0.269005835,first,0.569999993,0.140000001,56.04867075
1990,4,0,0,0.368191719,first,0.379999995,0.129999995,78.34664407
1994,3,0,1,0.368191719,first,0.379999995,0.129999995,66.57967758
2002,3,0,1,0.368191719,first,0.379999995,0.129999995,71.24414518
2004,2,0,1,0.368191719,first,0.379999995,0.129999995,41.03314665
1992,3,1,0,0.246006384,first,0.579999983,0.289999992,68.16783162
1988,2,0,0,0.285941213,third,0.360000014,0.119999997,58.15926938
1992,2,0,0,0.285941213,third,0.360000014,0.119999997,58.23606988
1996,2,0,0,0.285941213,third,0.360000014,0.119999997,66.09490005
2000,3,1,0,0.285941213,third,0.360000014,0.119999997,47.86024103
2004,3,1,0,0.285941213,third,0.360000014,0.119999997,55.69032254
2008,2,1,0,0.285941213,third,0.360000014,0.119999997,65.66390977
1994,2,0,1,0.2917023,first,0.449999988,0.180000007,42.29732686
2002,4,0,1,0.2917023,first,0.449999988,0.180000007,53.93256637
2006,2,1,0,0.2917023,first,0.449999988,0.180000007,40.1251866
1990,2,0,0,0.273109257,first,0.49000001,0.159999996,69.86095844
1998,2,0,0,0.273109257,first,0.49000001,0.159999996,54.41720889
2006,2,0,0,0.273109257,first,0.49000001,0.159999996,33.22105925
2005,3,0,0,0.148788929,second,0.230000004,0.119999997,28.19327888
1992,2,0,0,0.389090896,third,0.340000004,0.129999995,78.85905788
2000,2,0,1,0.389090896,third,0.340000004,0.129999995,55.90636536
1988,2,0,0,0.221424907,first,0.469999999,0.180000007,71.08058101
1992,2,0,0,0.221424907,first,0.469999999,0.180000007,65.55795909
2000,3,0,0,0.221424907,first,0.469999999,0.180000007,62.60800763
2004,2,0,0,0.221424907,first,0.469999999,0.180000007,53.71918408
2008,2,0,0,0.221424907,first,0.469999999,0.180000007,56.34755656
1992,3,0,0,0.316793889,second,0.340000004,0.150000006,68.49358097
2000,2,0,0,0.316793889,second,0.340000004,0.150000006,58.99907504
2004,2,0,0,0.316793889,second,0.340000004,0.150000006,58.08834454
2008,3,1,1,0.316793889,second,0.340000004,0.150000006,43.13677241
1988,3,0,0,0.273743004,second,0.419999987,0.079999998,52.7413921
1992,3,1,0,0.273743004,second,0.419999987,0.079999998,72.64851644
1994,2,1,1,0.273743004,second,0.419999987,0.079999998,75.59890385
1996,3,0,1,0.273743004,second,0.419999987,0.079999998,61.41806083
2000,3,0,0,0.273743004,second,0.419999987,0.079999998,56.43026083
2004,4,1,0,0.273743004,second,0.419999987,0.079999998,57.75381172
2008,3,1,1,0.273743004,second,0.419999987,0.079999998,59.02139654
1991,5,0,1,0.210919976,fourth,0.219999999,0.090000004,58.71398155
1995,3,0,0,0.210919976,fourth,0.219999999,0.090000004,51.5610056
1999,2,0,0,0.210919976,fourth,0.219999999,0.090000004,51.35611759
2003,5,0,1,0.210919976,fourth,0.219999999,0.090000004,53.14549525
2011,3,0,1,0.210919976,fourth,0.219999999,0.090000004,50.39454209
1994,2,1,0,0.248866454,second,0.349999994,0.109999999,63.47096029
1997,4,1,1,0.248866454,second,0.349999994,0.109999999,44.94274944
2002,2,0,1,0.248866454,second,0.349999994,0.109999999,44.82681202
2006,3,1,1,0.248866454,second,0.349999994,0.109999999,46.01143656
2010,2,0,0,0.248866454,second,0.349999994,0.109999999,38.29505603
1988,3,1,1,0.227915198,first,0.430000007,0.200000003,75.74132528
1992,3,1,0,0.227915198,first,0.430000007,0.200000003,74.60492816
2000,2,1,1,0.227915198,first,0.430000007,0.200000003,47.99337329
2004,2,1,1,0.227915198,first,0.430000007,0.200000003,41.04409526
2008,2,1,0,0.227915198,first,0.430000007,0.200000003,31.0637386
1988,3,0,0,0.325931221,third,0.239999995,0.079999998,68.09588187
1992,5,0,0,0.325931221,third,0.239999995,0.079999998,80.27288098
1996,2,0,0,0.325931221,third,0.239999995,0.079999998,67.98052489
2000,2,0,0,0.325931221,third,0.239999995,0.079999998,63.00265626
2008,2,1,0,0.325931221,third,0.239999995,0.079999998,50.79345314
2002,3,1,1,0.196779966,third,0.310000002,0.090000004,50.46391156
2002,2,1,0,0.196779966,third,0.310000002,0.090000004,50.40570355
2006,3,1,0,0.196779966,third,0.310000002,0.090000004,46.31887143
2010,2,1,0,0.196779966,third,0.310000002,0.090000004,40.65001702
1988,3,0,0,0.25,first,0.330000013,0.079999998,67.23383446
1992,2,0,1,0.25,first,0.330000013,0.079999998,57.68004552
2000,2,0,0,0.25,first,0.330000013,0.079999998,43.66750272
1990,2,0,0,0.295126975,fourth,0.150000006,0.079999998,74.68446649
1994,2,0,0,0.295126975,fourth,0.150000006,0.079999998,62.73897582
2002,3,0,0,0.295126975,fourth,0.150000006,0.079999998,37.29179012
2006,2,0,0,0.295126975,fourth,0.150000006,0.079999998,35.45276594
1990,3,0,0,0.400324821,second,0.319999993,0.129999995,80.75968324
2002,2,0,0,0.400324821,second,0.319999993,0.129999995,50.88753438
2005,2,0,0,0.400324821,second,0.319999993,0.129999995,35.55174211
2006,2,0,0,0.400324821,second,0.319999993,0.129999995,33.72552243
2002,2,0,0,0.291325927,fourth,0.209999993,0.100000001,2.247722804
2006,5,1,1,0.291325927,fourth,0.209999993,0.100000001,45.6091971
1988,3,0,0,0.28515625,third,0.150000006,0.150000006,61.52407611
1992,2,0,1,0.28515625,third,0.150000006,0.150000006,73.63526523
2004,2,0,1,0.28515625,third,0.150000006,0.150000006,38.20727529
2008,2,0,1,0.28515625,third,0.150000006,0.150000006,27.08421022
2006,2,0,0,0.35864979,third,0.330000013,0.100000001,44.96541033
2010,2,0,0,0.35864979,third,0.330000013,0.100000001,50.43353309
1988,4,1,0,0.332135439,third,0.379999995,0.180000007,66.07012733
1992,5,1,1,0.332135439,third,0.379999995,0.180000007,62.98174549
1996,3,1,1,0.332135439,third,0.379999995,0.180000007,68.75489265
2000,3,1,0,0.332135439,third,0.379999995,0.180000007,56.65592555
2004,5,1,1,0.332135439,third,0.379999995,0.180000007,49.80157081
2008,3,1,0,0.332135439,third,0.379999995,0.180000007,56.96228032
1990,2,0,1,0.329489291,third,0.280000001,0.100000001,79.95923894
1994,2,0,1,0.329489291,third,0.280000001,0.100000001,63.55692297
2003,2,0,1,0.329489291,third,0.280000001,0.100000001,55.47629375
1994,4,0,1,0.295454532,third,0.330000013,0.119999997,65.59686445
1998,2,0,1,0.295454532,third,0.330000013,0.119999997,54.17752867
2010,4,1,1,0.295454532,third,0.330000013,0.119999997,43.06265185
1992,2,0,0,0.505952358,fourth,0.129999995,0.109999999,85.31114148
2004,2,0,0,0.505952358,fourth,0.129999995,0.109999999,81.29597905
1990,2,0,1,0.264150947,first,0.409999996,0.200000003,80.05991991
1994,2,0,1,0.264150947,first,0.409999996,0.200000003,72.72983206
1998,3,0,0,0.264150947,first,0.409999996,0.200000003,66.73147932
2007,2,0,1,0.264150947,first,0.409999996,0.200000003,53.90820717
2010,6,0,1,0.264150947,first,0.409999996,0.200000003,51.8923866
2006,3,1,0,0.258555144,first,0.400000006,0.189999998,36.67841324
2010,2,1,0,0.258555144,first,0.400000006,0.189999998,33.63628766
1990,2,0,0,0.346289754,fourth,0.219999999,0.059999999,78.43910342
1997,2,0,0,0.346289754,fourth,0.219999999,0.059999999,70.45177113
2010,2,0,0,0.346289754,fourth,0.219999999,0.059999999,35.58342444
1990,3,0,1,0.310886651,second,0.370000005,0.100000001,75.93649706
1994,4,0,1,0.310886651,second,0.370000005,0.100000001,69.92309947
1998,3,0,1,0.310886651,second,0.370000005,0.100000001,38.33918887
2002,2,0,1,0.310886651,second,0.370000005,0.100000001,62.84036175
2003,3,0,1,0.310886651,second,0.370000005,0.100000001,60.70089086
1990,2,0,0,0.30252102,second,0.360000014,0.189999998,74.43209007
1994,3,0,0,0.30252102,second,0.360000014,0.189999998,73.4621702
1998,2,0,0,0.30252102,second,0.360000014,0.189999998,57.86122864
2000,3,0,1,0.30252102,second,0.360000014,0.189999998,48.41821507
2002,2,0,1,0.30252102,second,0.360000014,0.189999998,54.51846253
2006,2,0,1,0.30252102,second,0.360000014,0.189999998,37.24682948
1990,1,0,0,0.282021821,third,0.280000001,0.07,83.83750672
1994,2,0,0,0.282021821,third,0.280000001,0.07,77.77623826
1998,2,0,0,0.282021821,third,0.280000001,0.07,71.43552168
1996,2,0,1,0.367647052,second,0.219999999,0.090000004,70.73170471
2004,2,0,1,0.367647052,second,0.219999999,0.090000004,78.40000153
2010,2,0,0,0.237218812,third,0.289999992,0.090000004,50.89545466
1990,3,0,0,0.258554637,second,0.379999995,0.140000001,79.09327876
1994,3,0,1,0.258554637,second,0.379999995,0.140000001,66.70201104
1996,3,0,0,0.258554637,second,0.379999995,0.140000001,62.09396444
2002,2,0,1,0.258554637,second,0.379999995,0.140000001,43.22385674
2006,2,0,1,0.258554637,second,0.379999995,0.140000001,49.10381476
2010,5,0,1,0.258554637,second,0.379999995,0.140000001,8.607261035
1998,2,0,0,0.24509804,third,0.389999986,0.219999999,60.24581242
1992,2,1,0,0.281263173,second,0.349999994,0.129999995,64.18647257
1996,2,1,0,0.281263173,second,0.349999994,0.129999995,62.97780221
2000,3,1,1,0.281263173,second,0.349999994,0.129999995,41.25548515
2004,3,1,1,0.281263173,second,0.349999994,0.129999995,35.40173485
2008,5,1,1,0.281263173,second,0.349999994,0.129999995,44.49137838
1988,3,1,1,0.360215068,third,0.239999995,0.140000001,46.94117703
2000,2,1,0,0.360215068,third,0.239999995,0.140000001,51.89496398
1992,2,1,1,0.231312752,first,0.519999981,0.180000007,68.38988532
1996,2,1,1,0.231312752,first,0.519999981,0.180000007,74.87529941
2000,4,1,0,0.231312752,first,0.519999981,0.180000007,60.98069804
2004,6,1,0,0.231312752,first,0.519999981,0.180000007,64.02413373
2008,2,1,0,0.231312752,first,0.519999981,0.180000007,69.76809551
1992,2,0,0,0.316666663,third,0.109999999,0.150000006,51.69087066
1995,2,0,0,0.316666663,third,0.109999999,0.150000006,68.02938167
2008,2,1,1,0.316666663,third,0.109999999,0.150000006,53.22048766
1992,2,0,0,0.30626449,third,0.379999995,0.100000001,64.77047069
1992,2,0,0,0.30626449,third,0.379999995,0.100000001,70.90983935
1996,2,0,0,0.30626449,third,0.379999995,0.100000001,71.67177631
2004,3,0,1,0.30626449,third,0.379999995,0.100000001,62.42876394
1992,4,0,1,0.235465109,third,0.230000004,0.170000002,59.05965309
1998,3,1,0,0.235465109,third,0.230000004,0.170000002,48.96997034
2002,3,1,0,0.235465109,third,0.230000004,0.170000002,50.97788828
2010,2,1,0,0.235465109,third,0.230000004,0.170000002,42.30246632
1998,1,0,0,0.372937292,fourth,0.200000003,0.109999999,78.56523614
2002,2,0,0,0.372937292,fourth,0.200000003,0.109999999,73.20799612
1990,2,0,0,0.27241379,second,0.189999998,0.07,75.98908234
1994,2,0,1,0.27241379,second,0.189999998,0.07,75
1996,4,0,1,0.27241379,second,0.189999998,0.07,73.37883759
2006,2,0,1,0.27241379,second,0.189999998,0.07,63.77245331
2010,3,0,1,0.27241379,second,0.189999998,0.07,66.66666412
1994,2,0,0,0.311304361,third,0.319999993,0.129999995,58.85418498
1998,2,1,0,0.311304361,third,0.319999993,0.129999995,51.82556856
2004,4,1,0,0.311304361,third,0.319999993,0.129999995,46.56556728
2010,2,1,0,0.311304361,third,0.319999993,0.129999995,51.33982408
1988,2,0,0,0.287272722,second,0.389999986,0.119999997,59.12793747
1988,2,0,0,0.495559514,fourth,0.140000001,0.029999999,38.18915984
2000,3,0,0,0.495559514,fourth,0.140000001,0.029999999,45.5551498
2004,2,0,1,0.495559514,fourth,0.140000001,0.029999999,46.07845068
2000,2,0,0,0.508379877,third,0.330000013,0.02,52.09580994
1994,2,0,0,0.321184516,first,0.379999995,0.129999995,78.34737165
1997,3,1,0,0.321184516,first,0.379999995,0.129999995,50.62854708
2002,3,1,1,0.321184516,first,0.379999995,0.129999995,64.2305349
2006,2,1,0,0.321184516,first,0.379999995,0.129999995,62.35153542
2010,3,1,0,0.321184516,first,0.379999995,0.129999995,57.86916639
1990,1,0,1,0.230277181,first,0.449999988,0.129999995,66.14286662
1998,2,0,0,0.230277181,first,0.449999988,0.129999995,52.54120241
1990,2,0,1,0.283246964,first,0.360000014,0.140000001,82.10851686
1994,2,0,1,0.283246964,first,0.360000014,0.140000001,72.56295105
2002,2,0,0,0.283246964,first,0.360000014,0.140000001,57.97400769
2006,2,0,0,0.283246964,first,0.360000014,0.140000001,56.75115864
2010,2,0,0,0.283246964,first,0.360000014,0.140000001,58.84709055
1988,2,0,0,0.228628233,third,0.230000004,0.07,82.7036972
1992,2,0,0,0.228628233,third,0.230000004,0.07,73.88096619
1999,2,0,0,0.228628233,third,0.230000004,0.07,71.95431519
1990,2,0,1,0.339743584,fourth,0.280000001,0.150000006,76.25418091
1994,2,0,1,0.339743584,fourth,0.280000001,0.150000006,68.10035706
1998,2,0,1,0.339743584,fourth,0.280000001,0.150000006,43.81270981
2002,2,0,1,0.339743584,fourth,0.280000001,0.150000006,61.12957001
2006,2,0,1,0.339743584,fourth,0.280000001,0.150000006,61.72413635
2008,2,0,0,0.316666663,fourth,0.150000006,0.090000004,43.82566411
1994,6,1,1,0.047659576,second,0.389999986,0.200000003,33.57939293
2002,5,1,1,0.047659576,second,0.389999986,0.200000003,23.17307915
2006,3,1,1,0.047659576,second,0.389999986,0.200000003,16.07394339
2010,7,1,1,0.047659576,second,0.389999986,0.200000003,18.83986341
1990,2,0,0,0.420378625,fourth,0.079999998,0.059999999,85.2016704
1994,2,0,0,0.420378625,fourth,0.079999998,0.059999999,67.92474572
1998,4,0,0,0.420378625,fourth,0.079999998,0.059999999,64.98529887
2002,3,0,0,0.420378625,fourth,0.079999998,0.059999999,69.04247386
2004,3,0,0,0.420378625,fourth,0.079999998,0.059999999,61.65090097
2006,2,0,0,0.420378625,fourth,0.079999998,0.059999999,64.10710206
1990,2,0,0,0.339393944,fourth,0.189999998,0.039999999,74.4323023
2002,2,0,1,0.339393944,fourth,0.189999998,0.039999999,47.68038737
2006,2,0,1,0.339393944,fourth,0.189999998,0.039999999,41.1594123
2010,2,0,1,0.339393944,fourth,0.189999998,0.039999999,39.61940193
1990,2,1,0,0.212121218,first,0.439999998,0.119999997,78.31370498
1994,3,1,1,0.212121218,first,0.439999998,0.119999997,65.26302968
1998,2,1,1,0.212121218,first,0.439999998,0.119999997,53.11678126
2002,3,1,1,0.212121218,first,0.439999998,0.119999997,58.76022747
2006,5,1,1,0.212121218,first,0.439999998,0.119999997,61.71823205
2010,3,1,1,0.212121218,first,0.439999998,0.119999997,53.95528069
1992,4,0,0,0.328028291,third,0.25999999,0.07,76.6413269
1996,4,0,0,0.328028291,third,0.25999999,0.07,80
1997,2,0,0,0.328028291,third,0.25999999,0.07,75.46063995
2000,3,0,1,0.328028291,third,0.25999999,0.07,80.41666412
2004,2,0,0,0.328028291,third,0.25999999,0.07,77.00534821
2002,3,0,0,0.375979125,third,0.159999996,0.100000001,68.56722766
2006,2,0,1,0.375979125,third,0.159999996,0.100000001,38.29309861
1996,2,0,0,0.248138964,fourth,0.239999995,0.059999999,78.72309574
1998,2,0,0,0.248138964,fourth,0.239999995,0.059999999,63.1622408
2004,2,0,0,0.248138964,fourth,0.239999995,0.059999999,30.63429924
2000,3,0,1,0.376299381,fourth,0.140000001,0.090000004,36.93989192
2004,3,1,0,0.376299381,fourth,0.140000001,0.090000004,40.08215273
1993,1,0,0,0.282233179,third,0.300000012,0.109999999,41.03265822
2005,3,0,0,0.282233179,third,0.300000012,0.109999999,33.45951065
1988,2,0,0,0.302387267,third,0.300000012,0.150000006,83.23222686
1992,2,0,0,0.302387267,third,0.300000012,0.150000006,85.49287296
2000,3,0,0,0.302387267,third,0.300000012,0.150000006,75.97368446
2004,2,0,0,0.302387267,third,0.300000012,0.150000006,77.25985633
2008,2,0,0,0.302387267,third,0.300000012,0.150000006,76.78566013
1990,2,0,0,0.320851058,second,0.270000011,0.090000004,73.6143868
1994,2,0,0,0.320851058,second,0.270000011,0.090000004,80.23312225
1998,2,0,0,0.320851058,second,0.270000011,0.090000004,65.1377796
2007,1,0,1,0.320851058,second,0.270000011,0.090000004,56.71844519
2011,2,0,1,0.320851058,second,0.270000011,0.090000004,40.85292054
1990,2,0,1,0.39690721,third,0.310000002,0.230000004,72.62417603
1994,2,0,0,0.39690721,third,0.310000002,0.230000004,70.02915644
1994,2,0,0,0.146115154,second,0.379999995,0.129999995,45.11433857
1998,6,1,1,0.146115154,second,0.379999995,0.129999995,41.18409099
1998,5,1,1,0.146115154,second,0.379999995,0.129999995,37.76487368
2002,6,1,0,0.146115154,second,0.379999995,0.129999995,42.21715753
2006,4,1,0,0.146115154,second,0.379999995,0.129999995,27.79762197
2010,2,1,1,0.146115154,second,0.379999995,0.129999995,24.48932089
1988,4,0,0,0.312540621,fourth,0.079999998,0.039999999,66.05367279
1994,2,0,0,0.312540621,fourth,0.079999998,0.039999999,60.52370834
1998,2,0,0,0.312540621,fourth,0.079999998,0.039999999,54.97863007
2002,2,0,0,0.312540621,fourth,0.079999998,0.039999999,50.02067947
2010,2,0,0,0.312540621,fourth,0.079999998,0.039999999,41.73913193
1990,2,0,1,0.213032588,second,0.319999993,0.129999995,73.14807637
1994,3,0,0,0.213032588,second,0.319999993,0.129999995,76.26543018
1998,2,0,0,0.213032588,second,0.319999993,0.129999995,73.54247529
2002,2,0,0,0.213032588,second,0.319999993,0.129999995,16.73652495
2006,3,0,1,0.213032588,second,0.319999993,0.129999995,65.29391599
1988,2,0,1,0.341946602,fourth,0.180000007,0.059999999,64.66670474
1991,3,1,0,0.341946602,fourth,0.180000007,0.059999999,75.13429882
2000,2,0,1,0.341946602,fourth,0.180000007,0.059999999,26.16588484
2008,2,0,0,0.341946602,fourth,0.180000007,0.059999999,40.71396041
1997,2,0,1,0.247383446,third,0.25999999,0.059999999,59.54594669
2001,6,1,0,0.247383446,third,0.25999999,0.059999999,55.63738786
2005,2,0,0,0.247383446,third,0.25999999,0.059999999,51.77738819
1992,2,0,0,0.257650554,third,0.280000001,0.090000004,84.44429711
1996,2,0,0,0.257650554,third,0.280000001,0.090000004,84.09589079
2000,2,0,0,0.257650554,third,0.280000001,0.090000004,59.44395855
2004,3,0,1,0.257650554,third,0.280000001,0.090000004,70.04923807
1988,2,0,1,0.260442257,second,0.330000013,0.140000001,56.62570446
2003,2,0,0,0.260442257,second,0.330000013,0.140000001,47.40548322
1990,2,0,0,0.234824836,second,0.419999987,0.090000004,69.95576854
1994,3,0,0,0.234824836,second,0.419999987,0.090000004,71.41509779
1996,3,0,0,0.234824836,second,0.419999987,0.090000004,53.85308818
1998,2,1,0,0.234824836,second,0.419999987,0.090000004,63.31162484
2002,2,1,0,0.234824836,second,0.419999987,0.090000004,63.12364693
2006,2,0,0,0.234824836,second,0.419999987,0.090000004,54.31235388
2010,2,1,1,0.234824836,second,0.419999987,0.090000004,34.61703716
1994,2,0,0,0.418530345,third,0.239999995,0.100000001,74.52229309
2000,2,0,0,0.418530345,third,0.239999995,0.100000001,42.58675003
2000,2,0,1,0.302325577,second,0.360000014,0.100000001,40.21000106
2004,1,0,1,0.302325577,second,0.360000014,0.100000001,61.85698527
2006,2,0,1,0.302325577,second,0.360000014,0.100000001,37.85988614
2000,4,0,0,0.285714298,second,0.319999993,0.150000006,69.59340814
2004,2,0,0,0.285714298,second,0.319999993,0.150000006,38.22972623
2008,2,0,0,0.285714298,second,0.319999993,0.150000006,30.4508029
1994,2,0,0,0.334841639,second,0.270000011,0.07,80.21845226
2010,2,0,1,0.334841639,second,0.270000011,0.07,61.74335153
2002,2,0,1,0.411863446,fourth,0.189999998,0.119999997,29.76006098
2002,2,0,1,0.411863446,fourth,0.189999998,0.119999997,36.54433029
2006,3,0,1,0.411863446,fourth,0.189999998,0.119999997,28.6519884
2010,3,1,1,0.411863446,fourth,0.189999998,0.119999997,32.9404017
2004,2,0,0,0.253464729,fourth,0.189999998,0.090000004,49.68200443
1991,1,0,0,0.28550759,third,0.360000014,0.129999995,77.33967402
1995,4,1,0,0.28550759,third,0.360000014,0.129999995,66.51367327
1999,2,1,0,0.28550759,third,0.360000014,0.129999995,73.07353014
2007,3,1,0,0.28550759,third,0.360000014,0.129999995,52.4140077
2011,3,1,1,0.28550759,third,0.360000014,0.129999995,54.75095626
1991,2,0,0,0.333333343,third,0.200000003,0.07,80.30678558
2007,2,0,0,0.333333343,third,0.200000003,0.07,60.22388077
1990,2,0,0,0.337000012,fourth,0.159999996,0.039999999,74.70171437
1998,4,0,0,0.337000012,fourth,0.159999996,0.039999999,57.93535952
2002,3,0,0,0.337000012,fourth,0.159999996,0.039999999,60.69194391
2006,3,0,0,0.337000012,fourth,0.159999996,0.039999999,50.83776156
2010,3,0,1,0.337000012,fourth,0.159999996,0.039999999,56.14733406
2001,2,0,0,0.314663947,third,0.330000013,0.129999995,40.86824353
2003,3,0,1,0.314663947,third,0.330000013,0.129999995,51.56679335
2005,2,0,1,0.314663947,third,0.330000013,0.129999995,28.39112866
2009,4,0,0,0.314663947,third,0.330000013,0.129999995,34.24490227
1990,2,1,0,0.242659286,second,0.439999998,0.159999996,80.91158544
1994,2,0,0,0.242659286,second,0.439999998,0.159999996,61.72489005
1998,4,1,0,0.242659286,second,0.439999998,0.159999996,64.88012794
2002,5,1,0,0.242659286,second,0.439999998,0.159999996,59.8823694
2006,4,1,0,0.242659286,second,0.439999998,0.159999996,59.84284659
2010,2,1,0,0.242659286,second,0.439999998,0.159999996,53.89145015
1994,4,0,0,0.255230129,second,0.319999993,0.100000001,65.36712454
1998,3,0,1,0.255230129,second,0.319999993,0.100000001,62.20583293
2002,3,0,0,0.255230129,second,0.319999993,0.100000001,57.89614559
2006,3,0,1,0.255230129,second,0.319999993,0.100000001,55.02425015
2010,2,0,0,0.255230129,second,0.319999993,0.100000001,35.84090786
1994,2,0,0,0.311320752,third,0.280000001,0.209999993,50.78714776
2002,2,0,0,0.311320752,third,0.280000001,0.209999993,44.33946929
2004,3,0,0,0.25460583,fourth,0.140000001,0.07,41.6727064
2006,5,1,1,0.25460583,fourth,0.140000001,0.07,43.73608529
2010,2,0,0,0.25460583,fourth,0.140000001,0.07,34.63700064
1990,2,0,1,0.278240204,first,0.479999989,0.170000002,76.10996461
1994,2,0,1,0.278240204,first,0.479999989,0.170000002,70.54943114
1998,3,1,1,0.278240204,first,0.479999989,0.170000002,50.45815966
2002,2,1,0,0.278240204,first,0.479999989,0.170000002,54.04048681
2006,3,1,0,0.278240204,first,0.479999989,0.170000002,40.99653788
2010,2,1,0,0.278240204,first,0.479999989,0.170000002,46.10387258
1995,2,0,1,0.353951901,third,0.209999993,0.07,57.87529414
1998,2,0,0,0.353951901,third,0.209999993,0.07,33.18466954
1992,2,0,0,0.311871231,fourth,0.209999993,0.119999997,48.57267677
1997,2,0,0,0.311871231,fourth,0.209999993,0.119999997,51.51325949
2001,3,0,1,0.311871231,fourth,0.209999993,0.119999997,50.68191471
2005,2,0,1,0.311871231,fourth,0.209999993,0.119999997,43.73207265
2009,2,0,1,0.311871231,fourth,0.209999993,0.119999997,40.11676996
2005,2,0,0,0.310092956,second,0.330000013,0.090000004,34.6230926
2006,2,0,0,0.310092956,second,0.330000013,0.090000004,55.81931886
2010,2,0,0,0.310092956,second,0.330000013,0.090000004,56.45925191
1990,2,0,0,0.300000012,second,0.330000013,0.119999997,78.95266724
1994,2,0,0,0.300000012,second,0.330000013,0.119999997,84.40265656
2010,2,0,0,0.300000012,second,0.330000013,0.119999997,74.11003113
1992,4,0,1,0.191974849,fourth,0.219999999,0.090000004,52.29140363
1999,2,0,0,0.191974849,fourth,0.219999999,0.090000004,51.93384534
2003,5,1,0,0.191974849,fourth,0.219999999,0.090000004,51.65198145
2011,2,0,0,0.191974849,fourth,0.219999999,0.090000004,35.41190214
1990,3,0,0,0.310106128,third,0.319999993,0.119999997,72.58003077
1994,2,0,0,0.310106128,third,0.319999993,0.119999997,71.35754554
2002,2,0,0,0.310106128,third,0.319999993,0.119999997,43.47408191
2010,2,0,0,0.310106128,third,0.319999993,0.119999997,48.21873791
1993,4,1,1,0.238264114,fourth,0.239999995,0.109999999,51.17440505
2000,4,1,1,0.238264114,fourth,0.239999995,0.109999999,39.99369364
2005,2,1,1,0.238264114,fourth,0.239999995,0.109999999,25.92197992
2009,2,0,0,0.238264114,fourth,0.239999995,0.109999999,27.89016264
1994,5,1,0,0.185151234,first,0.639999986,0.319999993,62.9750758
1998,6,1,0,0.185151234,first,0.639999986,0.319999993,57.26495882
2002,2,1,0,0.185151234,first,0.639999986,0.319999993,50.3249429
2010,4,1,0,0.185151234,first,0.639999986,0.319999993,58.04514604
1990,2,1,1,0.215284243,first,0.400000006,0.140000001,72.37710213
1994,2,1,1,0.215284243,first,0.400000006,0.140000001,72.50589241
1998,2,1,1,0.215284243,first,0.400000006,0.140000001,67.49579132
2002,2,1,1,0.215284243,first,0.400000006,0.140000001,42.47912214
2006,3,1,0,0.215284243,first,0.400000006,0.140000001,57.22749617
2007,4,1,0,0.215284243,first,0.400000006,0.140000001,59.35030282
2010,2,1,0,0.215284243,first,0.400000006,0.140000001,45.41722496
2002,3,1,0,0.272462189,third,0.219999999,0.100000001,40.98320644
2006,3,1,1,0.272462189,third,0.219999999,0.100000001,42.85868996
2010,4,1,1,0.272462189,third,0.219999999,0.100000001,35.88456267
1998,5,1,0,0.305296957,second,0.319999993,0.129999995,66.58323754
2002,4,1,0,0.305296957,second,0.319999993,0.129999995,52.79270932
2006,3,1,0,0.305296957,second,0.319999993,0.129999995,40.52691336
2010,2,1,0,0.305296957,second,0.319999993,0.129999995,42.11513905
1998,2,1,0,0.366438359,second,0.300000012,0.150000006,66.7232882
2002,3,1,0,0.366438359,second,0.300000012,0.150000006,71.54853957
2010,3,1,0,0.366438359,second,0.300000012,0.150000006,65.67162209
2000,2,0,1,0.401639342,third,0.25999999,0.029999999,67.30419532
2008,2,0,0,0.3125,fourth,0.150000006,0.159999996,60.93117215
1992,2,0,0,0.360703826,fourth,0.219999999,0.079999998,83.63009626
2000,2,0,1,0.360703826,fourth,0.219999999,0.079999998,58.99067535
2008,2,0,0,0.360703826,fourth,0.219999999,0.079999998,31.13694936
1996,1,0,0,0.406754762,fourth,0.159999996,0.059999999,81.72293091
2000,3,0,0,0.406754762,fourth,0.159999996,0.059999999,74.09766388
2004,3,0,0,0.406754762,fourth,0.159999996,0.059999999,19.73392487
1992,3,0,0,0.310979217,fourth,0.180000007,0.100000001,67.83079612
1995,6,0,0,0.310979217,fourth,0.180000007,0.100000001,64.20991081
1996,2,0,0,0.310979217,fourth,0.180000007,0.100000001,69.2797667
2004,2,0,1,0.310979217,fourth,0.180000007,0.100000001,59.1706857
1992,2,0,0,0.298174441,third,0.230000004,0.109999999,68.55326916
2000,2,0,0,0.298174441,third,0.230000004,0.109999999,57.49034053
2004,2,1,0,0.275000006,first,0.49000001,0.180000007,41.64108983
1990,4,1,0,0.317746699,fourth,0.280000001,0.050000001,86.06795926
1994,2,0,0,0.317746699,fourth,0.280000001,0.050000001,71.82983567
1998,2,0,0,0.317746699,fourth,0.280000001,0.050000001,65.93078295
2002,2,0,0,0.317746699,fourth,0.280000001,0.050000001,71.08546784
2006,3,1,0,0.317746699,fourth,0.280000001,0.050000001,65.52192193
2010,2,1,1,0.317746699,fourth,0.280000001,0.050000001,54.87652516
1990,2,0,0,0.253012061,third,0.300000012,0,70.6552873
1994,2,0,0,0.253012061,third,0.300000012,0,75.45724753
1996,3,0,0,0.308467746,fourth,0.219999999,0.090000004,76.03745707
1990,2,0,0,0.211071283,first,0.379999995,0.119999997,75.63501149
1994,3,0,1,0.211071283,first,0.379999995,0.119999997,75.98517843
1998,2,0,0,0.211071283,first,0.379999995,0.119999997,62.99549829
2002,4,0,0,0.211071283,first,0.379999995,0.119999997,59.91555193
2004,3,0,1,0.211071283,first,0.379999995,0.119999997,58.04709068
2006,3,0,1,0.211071283,first,0.379999995,0.119999997,48.46431798
2010,3,1,1,0.211071283,first,0.379999995,0.119999997,38.773185
1992,2,0,0,0.22013478,fourth,0.100000001,0.050000001,59.5096107
2000,2,0,1,0.22013478,fourth,0.100000001,0.050000001,15.94657119
2010,2,0,1,0.22013478,fourth,0.100000001,0.050000001,33.68548746
2002,2,0,0,0.252983302,first,0.400000006,0.109999999,41.00356819
2002,2,1,0,0.289806455,second,0.330000013,0.170000002,57.88488026
2006,2,1,0,0.289806455,second,0.330000013,0.170000002,54.39238618
1990,2,1,0,0.250448823,first,0.439999998,0.180000007,79.11263359
1994,3,1,0,0.250448823,first,0.439999998,0.180000007,61.62466049
2002,2,1,1,0.250448823,first,0.439999998,0.180000007,58.01344537
2006,2,1,0,0.250448823,first,0.439999998,0.180000007,36.87587989
2010,2,1,0,0.250448823,first,0.439999998,0.180000007,35.96156656
2001,3,0,0,0.280257702,first,0.439999998,0.170000002,49.17385669
2009,2,1,0,0.280257702,first,0.439999998,0.170000002,41.40918453
1990,3,1,0,0.298701286,second,0.360000014,0.109999999,84.69078188
1994,3,1,0,0.298701286,second,0.360000014,0.109999999,80.45437617
2006,2,1,0,0.298701286,second,0.360000014,0.109999999,67.85769269
2010,2,1,0,0.298701286,second,0.360000014,0.109999999,71.52167703
1990,3,0,0,0.314847946,second,0.270000011,0.059999999,78.9390341
1994,2,0,0,0.314847946,second,0.270000011,0.059999999,65.30742077
1998,2,0,0,0.314847946,second,0.270000011,0.059999999,57.75022265
1994,2,1,0,0.238931105,first,0.419999987,0.200000003,55.9658069
2002,2,0,0,0.238931105,first,0.419999987,0.200000003,53.79384192
2010,3,0,0,0.238931105,first,0.419999987,0.200000003,47.53284659
2006,1,0,0,0.307269514,fourth,0.239999995,0.119999997,36.08195696
2010,2,0,0,0.307269514,fourth,0.239999995,0.119999997,40.82993171
1990,4,0,0,0.313964397,first,0.469999999,0.170000002,77.84741101
1994,4,1,1,0.313964397,first,0.469999999,0.170000002,75.69467456
1998,2,0,0,0.313964397,first,0.469999999,0.170000002,58.89951385
1999,2,1,1,0.313964397,first,0.469999999,0.170000002,72.71957887
2002,3,1,0,0.313964397,first,0.469999999,0.170000002,66.13337395
2006,2,1,1,0.313964397,first,0.469999999,0.170000002,65.12267692
2010,3,1,1,0.313964397,first,0.469999999,0.170000002,57.91923279
1990,2,0,1,0.31238094,first,0.389999986,0.100000001,85.30779415
1994,2,0,0,0.31238094,first,0.389999986,0.100000001,58.72435018
1998,2,0,0,0.31238094,first,0.389999986,0.100000001,50.84844996
2006,2,0,1,0.31238094,first,0.389999986,0.100000001,50.80285936
2002,2,0,0,0.311904758,third,0.289999992,0.109999999,63.78348441
1998,3,0,1,0.356389225,second,0.330000013,0.129999995,52.14443754
2002,3,0,1,0.356389225,second,0.330000013,0.129999995,65.22041862
2006,2,0,1,0.356389225,second,0.330000013,0.129999995,60.89408817
2011,2,0,1,0.356389225,second,0.330000013,0.129999995,66.89340557
1990,3,0,0,0.278822571,third,0.310000002,0.150000006,74.58388726
1994,3,0,1,0.278822571,third,0.310000002,0.150000006,51.58998652
1998,2,0,0,0.278822571,third,0.310000002,0.150000006,33.43261002
2006,4,0,0,0.278822571,third,0.310000002,0.150000006,39.79342162
2010,4,0,0,0.278822571,third,0.310000002,0.150000006,38.9681775
1992,4,1,0,0.176846087,third,0.379999995,0.119999997,58.64438511
2000,5,1,0,0.176846087,third,0.379999995,0.119999997,54.21073402
2001,3,1,0,0.176846087,third,0.379999995,0.119999997,51.7164291
2004,8,1,1,0.176846087,third,0.379999995,0.119999997,30.96079789
1988,2,0,0,0.291417152,first,0.349999994,0.100000001,53.32589349
1994,3,0,1,0.291417152,first,0.349999994,0.100000001,66.88638234
2006,2,0,0,0.291417152,first,0.349999994,0.100000001,42.94310408
2010,2,0,1,0.291417152,first,0.349999994,0.100000001,47.45723549
1990,2,0,1,0.306930691,fourth,0.180000007,0.100000001,69.14020591
1998,3,1,0,0.306930691,fourth,0.180000007,0.100000001,54.92390458
2006,2,0,1,0.306930691,fourth,0.180000007,0.100000001,33.78240607
2010,2,0,1,0.306930691,fourth,0.180000007,0.100000001,27.87666651
1990,2,0,0,0.259720057,second,0.289999992,0.059999999,81.65870498
2002,3,0,0,0.259720057,second,0.289999992,0.059999999,65.08457014
2006,2,0,0,0.259720057,second,0.289999992,0.059999999,59.18752574
2010,2,0,0,0.259720057,second,0.289999992,0.059999999,63.91167226
1992,2,0,0,0.275555134,fourth,0.239999995,0.109999999,58.92279083
1996,2,0,0,0.275555134,fourth,0.239999995,0.109999999,66.93991149
2000,2,0,0,0.275555134,fourth,0.239999995,0.109999999,77.93727552
2004,4,0,1,0.275555134,fourth,0.239999995,0.109999999,56.05235272
2008,2,0,0,0.275555134,fourth,0.239999995,0.109999999,40.5226835
2002,2,0,1,0.42733565,third,0.180000007,0.059999999,68.91686046
1994,2,0,1,0.347744375,second,0.280000001,0.050000001,79.77099609
1998,2,0,1,0.347744375,second,0.280000001,0.050000001,65.7986145
2006,2,0,0,0.347744375,second,0.280000001,0.050000001,55.97014999
2007,3,0,0,0.347744375,second,0.280000001,0.050000001,61.69811249
2010,2,0,0,0.347744375,second,0.280000001,0.050000001,59.9250946
1990,4,1,0,0.183600709,third,0.280000001,0.180000007,84.3001476
1994,2,1,0,0.183600709,third,0.280000001,0.180000007,77.36479338
2002,2,1,0,0.183600709,third,0.280000001,0.180000007,57.84511738
2006,2,1,0,0.183600709,third,0.280000001,0.180000007,63.85275445
2010,2,1,0,0.183600709,third,0.280000001,0.180000007,52.11127601
1998,3,1,0,0.250996023,first,0.699999988,0.400000006,37.3265917
2002,3,1,1,0.250996023,first,0.699999988,0.400000006,32.60405411
2006,2,1,1,0.250996023,first,0.699999988,0.400000006,29.7612734
2010,3,1,1,0.250996023,first,0.699999988,0.400000006,30.84209284
2000,5,1,0,0.174661323,second,0.400000006,0.150000006,39.8550426
2004,2,1,0,0.174661323,second,0.400000006,0.150000006,51.9577669
2000,3,1,0,0.320320308,first,0.540000021,0.129999995,57.77614985
2004,2,1,0,0.320320308,first,0.540000021,0.129999995,49.21188168
1988,6,0,1,0.280339926,third,0.289999992,0.129999995,62.26068648
1992,5,0,0,0.280339926,third,0.289999992,0.129999995,59.70963417
1998,4,0,1,0.280339926,third,0.289999992,0.129999995,40.72944641
2000,4,1,1,0.280339926,third,0.289999992,0.129999995,57.87077349
1994,3,1,0,0.296416938,fourth,0.079999998,0.079999998,57.66987963
1998,2,1,0,0.296416938,fourth,0.079999998,0.079999998,47.5253428
2002,2,1,1,0.296416938,fourth,0.079999998,0.079999998,55.39793227
2010,2,0,1,0.296416938,fourth,0.079999998,0.079999998,37.36139375
2002,3,1,1,0.27002725,second,0.360000014,0.119999997,82.75599803
2006,2,1,0,0.27002725,second,0.360000014,0.119999997,68.4806538
2010,5,1,0,0.27002725,second,0.360000014,0.119999997,59.96659239
1990,2,0,1,0.466666669,fourth,0.159999996,0,74.2765274
1994,2,0,1,0.466666669,fourth,0.159999996,0,36.41160965
1997,2,0,0,0.343661964,fourth,0.230000004,0.180000007,46.2588407
2002,2,0,1,0.343661964,fourth,0.230000004,0.180000007,48.46723644
2006,3,0,1,0.343661964,fourth,0.230000004,0.180000007,54.05747673
2010,4,0,1,0.343661964,fourth,0.230000004,0.180000007,53.5318533
2004,2,0,0,0.283842802,third,0.340000004,0.039999999,62.77141534
1992,3,1,1,0.313213378,first,0.379999995,0.140000001,64.38261523
1996,2,0,0,0.313213378,first,0.379999995,0.140000001,68.27263178
2004,3,0,1,0.313213378,first,0.379999995,0.140000001,55.16888685
2008,3,1,1,0.313213378,first,0.379999995,0.140000001,60.20193528
1998,2,0,0,0.226206005,first,0.360000014,0.100000001,53.84527424
2002,4,0,0,0.226206005,first,0.360000014,0.100000001,45.95175608
2010,3,0,1,0.226206005,first,0.360000014,0.100000001,40.61224262
1990,2,0,0,0.273074001,first,0.349999994,0.109999999,83.70771587
1995,2,0,0,0.273074001,first,0.349999994,0.109999999,72.79243694
2002,2,0,0,0.273074001,first,0.349999994,0.109999999,55.43500356
2006,3,1,0,0.273074001,first,0.349999994,0.109999999,53.35355294
2010,2,0,0,0.273074001,first,0.349999994,0.109999999,41.70437897
1988,3,0,0,0.30862698,first,0.439999998,0.180000007,63.69420174
2004,3,0,1,0.30862698,first,0.439999998,0.180000007,49.7805742
2008,2,0,0,0.30862698,first,0.439999998,0.180000007,44.777504
1994,3,0,0,0.311284035,third,0.180000007,0.109999999,72.58938468
1998,2,0,0,0.311284035,third,0.180000007,0.109999999,39.96467658
2002,3,0,0,0.311284035,third,0.180000007,0.109999999,57.65440644
2006,2,0,1,0.311284035,third,0.180000007,0.109999999,54.11778171
2010,4,0,1,0.311284035,third,0.180000007,0.109999999,38.84326737
1990,3,1,0,0.233615056,first,0.449999988,0.189999998,74.72118285
1994,3,1,0,0.233615056,first,0.449999988,0.189999998,58.48517125
1998,3,1,0,0.233615056,first,0.449999988,0.189999998,45.63186031
2002,4,1,1,0.233615056,first,0.449999988,0.189999998,45.26018273
2006,4,1,1,0.233615056,first,0.449999988,0.189999998,57.89988172
2010,4,1,1,0.233615056,first,0.449999988,0.189999998,37.35645605
1990,2,0,0,0.227758005,first,0.300000012,0.079999998,86.44810728
1994,2,0,0,0.227758005,first,0.300000012,0.079999998,89.81627995
1998,2,1,0,0.227758005,first,0.300000012,0.079999998,37.12148271
2006,3,1,0,0.227758005,first,0.300000012,0.079999998,40.29241755
2010,2,1,0,0.227758005,first,0.300000012,0.079999998,42.73433899
2006,3,1,1,0.30409357,fourth,0.289999992,0.129999995,43.66683026
2010,2,1,0,0.30409357,fourth,0.289999992,0.129999995,37.74841056
1990,3,1,1,0.341603041,third,0.239999995,0.039999999,76.59141525
2010,3,0,0,0.341603041,third,0.239999995,0.039999999,27.5266409
1988,2,0,0,0.219758064,second,0.310000002,0.119999997,53.44168091
1992,2,0,0,0.219758064,second,0.310000002,0.119999997,74.46043396
1996,2,0,0,0.219758064,second,0.310000002,0.119999997,73.65771484
2000,2,0,0,0.219758064,second,0.310000002,0.119999997,64.76345825
2004,3,0,0,0.219758064,second,0.310000002,0.119999997,68.87608337
2008,3,0,0,0.219758064,second,0.310000002,0.119999997,71.54811859
1994,3,0,0,0.244365886,third,0.209999993,0.079999998,34.38085184
1998,4,0,1,0.244365886,third,0.209999993,0.079999998,30.93189074
2000,3,1,0,0.244365886,third,0.209999993,0.079999998,23.72757524
2002,2,1,0,0.244365886,third,0.209999993,0.079999998,20.94818045
1994,2,1,1,0.229508191,second,0.360000014,0,79.5208267
2002,2,0,0,0.300511509,second,0.300000012,0.170000002,51.81175933
2004,3,1,1,0.300511509,second,0.300000012,0.170000002,58.78058054
1992,4,0,0,0.262577385,third,0.289999992,0.079999998,71.27282859
2000,3,0,0,0.262577385,third,0.289999992,0.079999998,64.66915206
2008,2,0,0,0.262577385,third,0.289999992,0.079999998,47.97401371
1992,2,0,0,0.4609375,second,0.180000007,0.150000006,80.12820435
1996,3,0,1,0.4609375,second,0.180000007,0.150000006,80.2259903
2008,2,0,1,0.4609375,second,0.180000007,0.150000006,70.80745697
1992,3,1,0,0.341379315,first,0.449999988,0.180000007,66.83251106
2000,2,1,0,0.341379315,first,0.449999988,0.180000007,54.84488736
2003,2,1,1,0.341379315,first,0.449999988,0.180000007,60.347973
2004,2,1,1,0.341379315,first,0.449999988,0.180000007,61.35963148
1994,2,0,1,0.242798358,second,0.280000001,0.129999995,62.5
1998,2,0,0,0.242798358,second,0.280000001,0.129999995,63.03630447
2002,2,0,0,0.242798358,second,0.280000001,0.129999995,58.86287689
2006,2,0,0,0.242798358,second,0.280000001,0.129999995,55.84415436
2010,2,0,0,0.242798358,second,0.280000001,0.129999995,62.84829712
1996,2,0,0,0.28051737,second,0.360000014,0.170000002,39.65738836
2000,2,1,0,0.28051737,second,0.360000014,0.170000002,26.43784668
2004,7,1,1,0.28051737,second,0.360000014,0.170000002,34.51176492
1988,2,0,0,0.287384212,fourth,0.239999995,0.100000001,67.44348437
1992,5,1,1,0.287384212,fourth,0.239999995,0.100000001,76.75919594
2000,2,0,1,0.287384212,fourth,0.239999995,0.100000001,65.34368438
2004,2,1,1,0.287384212,fourth,0.239999995,0.100000001,68.47323691
2008,2,1,0,0.287384212,fourth,0.239999995,0.100000001,53.54836697
2011,3,1,1,0.287384212,fourth,0.239999995,0.100000001,62.77511095
1990,3,0,0,0.305665344,third,0.310000002,0.119999997,78.65439904
1994,4,1,0,0.305665344,third,0.310000002,0.119999997,67.44665368
1998,2,0,0,0.305665344,third,0.310000002,0.119999997,54.06776973
2002,2,0,0,0.305665344,third,0.310000002,0.119999997,53.27921886
2006,6,1,1,0.305665344,third,0.310000002,0.119999997,67.18542017
2010,2,0,0,0.305665344,third,0.310000002,0.119999997,43.80832646
1992,2,0,1,0.318051577,fourth,0.119999997,0.170000002,72.53731537
1996,2,0,1,0.318051577,fourth,0.119999997,0.170000002,63.92572784
2000,2,0,1,0.318051577,fourth,0.119999997,0.170000002,42.44031906
2004,2,0,1,0.318051577,fourth,0.119999997,0.170000002,54.29362869
2008,2,0,1,0.318051577,fourth,0.119999997,0.170000002,31.45728683
2000,2,1,1,0.188034192,first,0.639999986,0.150000006,67.82983081
1990,2,0,1,0.312649161,third,0.349999994,0.109999999,76.8817215
1994,2,0,1,0.312649161,third,0.349999994,0.109999999,75.78125
1995,3,0,1,0.312649161,third,0.349999994,0.109999999,70.5405426
2001,2,0,1,0.312649161,third,0.349999994,0.109999999,54.60385513
1994,3,0,0,0.28470549,first,0.379999995,0.150000006,72.69296948
1994,2,1,0,0.207585514,first,0.460000008,0.200000003,63.46783451
1998,3,1,0,0.207585514,first,0.460000008,0.200000003,51.19896198
2002,2,1,0,0.207585514,first,0.460000008,0.200000003,51.22067099
2006,3,1,0,0.207585514,first,0.460000008,0.200000003,26.81410497
2010,3,1,0,0.207585514,first,0.460000008,0.200000003,41.22232515
1998,3,0,1,0.343373507,fourth,0.209999993,0.189999998,38.26979446
2002,2,0,1,0.343373507,fourth,0.209999993,0.189999998,50.82417679
2005,3,0,0,0.343373507,fourth,0.209999993,0.189999998,15.9895153
1990,2,0,0,0.329032272,fourth,0.219999999,0.07,72.27722931
1994,2,0,1,0.329032272,fourth,0.219999999,0.07,60.66176605
1997,2,0,0,0.329032272,fourth,0.219999999,0.07,61.84615326
1998,3,0,0,0.329032272,fourth,0.219999999,0.07,52.69121933
1992,3,1,1,0.282051295,second,0.430000007,0.119999997,39.30902745
1996,3,1,0,0.282051295,second,0.430000007,0.119999997,22.6419297
2000,3,1,1,0.282051295,second,0.430000007,0.119999997,18.31340751
2004,3,1,0,0.282051295,second,0.430000007,0.119999997,33.09882082
2008,2,1,0,0.282051295,second,0.430000007,0.119999997,37.17873924
2010,2,1,0,0.282051295,second,0.430000007,0.119999997,32.09315452
1990,2,0,0,0.348214298,fourth,0.180000007,0.090000004,68.96551514
2002,2,0,1,0.348214298,fourth,0.180000007,0.090000004,54.03225708
2010,2,0,0,0.348214298,fourth,0.180000007,0.090000004,39.15662766
2002,2,0,0,0.346450627,first,0.460000008,0.219999999,61.41169459
2005,2,0,0,0.346450627,first,0.460000008,0.219999999,43.25395305
2006,3,0,1,0.346450627,first,0.460000008,0.219999999,57.15187822
2007,2,1,0,0.346450627,first,0.460000008,0.219999999,61.48342507
2010,3,1,1,0.346450627,first,0.460000008,0.219999999,54.10839714
1997,2,0,0,0.307017535,second,0.280000001,0.360000014,78.80116794
1998,3,1,1,0.307017535,second,0.280000001,0.360000014,79.1759326
2006,2,0,1,0.307017535,second,0.280000001,0.360000014,30.07118731
1988,2,0,1,0.336405516,second,0.289999992,0.100000001,56.95974984
1993,3,0,1,0.336405516,second,0.289999992,0.100000001,67.91264784
1996,2,0,1,0.336405516,second,0.289999992,0.100000001,67.10004988
2000,2,1,0,0.336405516,second,0.289999992,0.100000001,39.45243315
2004,2,0,0,0.336405516,second,0.289999992,0.100000001,43.7666193
2007,1,0,0,0.336405516,second,0.289999992,0.100000001,42.99205321
2008,2,0,1,0.336405516,second,0.289999992,0.100000001,36.38351695
1996,3,0,1,0.321880639,third,0.310000002,0.150000006,83.60860001
2004,2,0,0,0.321880639,third,0.310000002,0.150000006,80.16364453
1988,2,0,0,0.27868852,first,0.479999989,0.129999995,67.12671068
1992,2,0,0,0.27868852,first,0.479999989,0.129999995,75.65699917
1996,2,1,1,0.27868852,first,0.479999989,0.129999995,73.37726768
2000,2,0,0,0.27868852,first,0.479999989,0.129999995,64.73515669
2004,2,0,0,0.27868852,first,0.479999989,0.129999995,59.23859595
1997,2,0,0,0.283995181,fourth,0.180000007,0.079999998,57.84800798
2004,2,0,1,0.283995181,fourth,0.180000007,0.079999998,39.40404529
2010,2,0,1,0.283995181,fourth,0.180000007,0.079999998,34.44780807
1990,2,0,1,0.111712843,third,0.300000012,0.109999999,68.16310708
1994,4,0,1,0.111712843,third,0.300000012,0.109999999,42.6199339
1998,3,0,1,0.111712843,third,0.300000012,0.109999999,47.80662579
2002,2,0,1,0.111712843,third,0.300000012,0.109999999,46.58779195
2010,3,0,0,0.111712843,third,0.300000012,0.109999999,28.07745206
1992,2,1,0,0.274309099,first,0.5,0.170000002,70.5213577
1996,3,1,1,0.274309099,first,0.5,0.170000002,68.32884338
2000,2,1,0,0.274309099,first,0.5,0.170000002,62.49825956
2004,3,1,0,0.274309099,first,0.5,0.170000002,53.7455201
2008,4,1,1,0.274309099,first,0.5,0.170000002,67.36716246
1992,4,1,1,0.244108766,second,0.370000005,0.159999996,76.21262774
1994,2,1,0,0.244108766,second,0.370000005,0.159999996,75.37944223
1998,3,1,1,0.244108766,second,0.370000005,0.159999996,60.23338103
2002,2,1,0,0.244108766,second,0.370000005,0.159999996,59.515887
2006,4,1,0,0.244108766,second,0.370000005,0.159999996,52.66926028
2010,2,1,1,0.244108766,second,0.370000005,0.159999996,22.00128625
1992,2,0,1,0.307692319,second,0.360000014,0.109999999,47.12019857
2004,3,0,1,0.307692319,second,0.360000014,0.109999999,34.03677664
1992,2,0,0,0.353322536,fourth,0.140000001,0.100000001,75.37796783
1996,3,0,1,0.353322536,fourth,0.140000001,0.100000001,71.84643555
2000,2,0,1,0.353322536,fourth,0.140000001,0.100000001,51.34228134
2008,2,0,0,0.353322536,fourth,0.140000001,0.100000001,48.96421814
1990,2,0,1,0.306116402,fourth,0.189999998,0.050000001,69.55733904
1994,2,0,1,0.306116402,fourth,0.189999998,0.050000001,52.9728053
1998,2,0,1,0.306116402,fourth,0.189999998,0.050000001,31.70227156
2006,2,0,1,0.306116402,fourth,0.189999998,0.050000001,21.63498295
2010,3,1,0,0.306116402,fourth,0.189999998,0.050000001,24.23353107
1990,12,1,1,0.255727708,fourth,0.25,0.109999999,65.48234094
1994,9,1,0,0.255727708,fourth,0.25,0.109999999,50.9997136
1998,5,1,0,0.255727708,fourth,0.25,0.109999999,32.19197438
2002,2,0,0,0.255727708,fourth,0.25,0.109999999,35.47177466
2006,8,1,1,0.255727708,fourth,0.25,0.109999999,40.94921111
2010,7,1,0,0.255727708,fourth,0.25,0.109999999,28.58645327
1988,2,0,0,0.35466668,fourth,0.150000006,0.100000001,75.13328818
1992,2,0,1,0.35466668,fourth,0.150000006,0.100000001,69.9516522
2000,2,0,0,0.35466668,fourth,0.150000006,0.100000001,59.17717505
2004,3,0,0,0.35466668,fourth,0.150000006,0.100000001,65.12643468
1994,2,1,1,0.274914086,first,0.49000001,0.159999996,82.87181718
1998,2,0,1,0.274914086,first,0.49000001,0.159999996,70.92761407
2001,2,1,1,0.274914086,first,0.49000001,0.159999996,60.63710988
2002,2,1,0,0.274914086,first,0.49000001,0.159999996,26.55374218
2010,2,1,1,0.274914086,first,0.49000001,0.159999996,57.22315621
1988,2,0,0,0.268041223,third,0.059999999,0.02,47.96511459
2000,2,0,1,0.268041223,third,0.059999999,0.02,32
1988,2,1,0,0.268794328,first,0.449999988,0.189999998,59.86837498
1992,2,0,0,0.268794328,first,0.449999988,0.189999998,68.81106143
2000,2,0,0,0.268794328,first,0.449999988,0.189999998,54.57157514
2004,2,0,0,0.268794328,first,0.449999988,0.189999998,45.20654452
2008,2,0,0,0.268794328,first,0.449999988,0.189999998,48.81113222
1992,2,0,0,0.259358287,fourth,0.129999995,0.119999997,76.90704389
2000,2,0,0,0.259358287,fourth,0.129999995,0.119999997,68.39724776
2000,2,0,0,0.276346594,third,0.219999999,0.090000004,42.6261636
2002,2,0,1,0.276346594,third,0.219999999,0.090000004,45.31485848
2006,2,1,1,0.276346594,third,0.219999999,0.090000004,43.01409101
2010,2,1,0,0.276346594,third,0.219999999,0.090000004,47.2854164
1992,2,0,0,0.37873134,fourth,0.100000001,0.109999999,71.52467223
1996,3,0,0,0.37873134,fourth,0.100000001,0.109999999,67.01470905
2000,2,0,1,0.37873134,fourth,0.100000001,0.109999999,56.35278828
1994,3,0,0,0.252099872,fourth,0.100000001,0.050000001,31.11181842
1998,2,0,0,0.252099872,fourth,0.100000001,0.050000001,23.48243116
2002,3,0,0,0.252099872,fourth,0.100000001,0.050000001,25.53590619
2006,2,0,0,0.252099872,fourth,0.100000001,0.050000001,25.41278438
2010,3,0,0,0.252099872,fourth,0.100000001,0.050000001,36.09943449
1993,4,0,0,0.32962963,fourth,0.200000003,0.090000004,77.54581909
1997,3,0,1,0.32962963,fourth,0.200000003,0.090000004,71.62355413
2001,2,0,1,0.32962963,fourth,0.200000003,0.090000004,70.4252539
2005,3,0,1,0.32962963,fourth,0.200000003,0.090000004,57.81881872
2009,2,1,0,0.32962963,fourth,0.200000003,0.090000004,47.0236378
2011,2,1,0,0.32962963,fourth,0.200000003,0.090000004,39.53614741
1992,3,1,1,0.296928316,first,0.460000008,0.230000004,68.35295503
1994,2,1,1,0.296928316,first,0.460000008,0.230000004,52.19472505
1996,2,1,1,0.296928316,first,0.460000008,0.230000004,48.05610102
2000,3,1,1,0.296928316,first,0.460000008,0.230000004,45.41465292
2008,2,1,1,0.296928316,first,0.460000008,0.230000004,52.05067986
2011,2,0,1,0.409090906,third,0.200000003,0.039999999,48.05776757
1993,2,0,1,0.349999994,fourth,0.180000007,0.109999999,70.52635718
1994,2,0,0,0.277440459,third,0.200000003,0.079999998,62.11954253
2002,3,0,0,0.277440459,third,0.200000003,0.079999998,46.61864119
2006,2,0,0,0.277440459,third,0.200000003,0.079999998,46.16969058
2010,2,1,0,0.277440459,third,0.200000003,0.079999998,43.68514958
1990,3,0,0,0.360153258,fourth,0.180000007,0.07,77.81087117
1994,2,0,0,0.360153258,fourth,0.180000007,0.07,66.39375579
1998,3,0,0,0.360153258,fourth,0.180000007,0.07,35.94159046
2002,2,0,0,0.360153258,fourth,0.180000007,0.07,43.84119671
2006,2,0,0,0.360153258,fourth,0.180000007,0.07,51.40956092
2010,2,0,0,0.360153258,fourth,0.180000007,0.07,45.73727687
2002,2,0,0,0.351528376,fourth,0.159999996,0.090000004,35.66571827
2006,2,0,0,0.351528376,fourth,0.159999996,0.090000004,40.66079508
1998,2,0,0,0.312807202,fourth,0.119999997,0.07,37.40995147
2002,7,0,1,0.312807202,fourth,0.119999997,0.07,39.18858774
2006,2,0,0,0.312807202,fourth,0.119999997,0.07,26.62655096
2010,2,0,0,0.312807202,fourth,0.119999997,0.07,29.57127488
1995,2,0,0,0.310679615,first,0.25,0.189999998,56.93001788
2003,2,0,1,0.310679615,first,0.25,0.189999998,51.7456676
2011,2,0,0,0.310679615,first,0.25,0.189999998,41.73760063
1994,2,0,0,0.267265201,first,0.460000008,0.150000006,75.59587051
1998,2,1,0,0.267265201,first,0.460000008,0.150000006,67.42158368
2002,1,0,0,0.267265201,first,0.460000008,0.150000006,60.42633889
2006,2,0,0,0.267265201,first,0.460000008,0.150000006,58.00341031
2010,2,0,1,0.267265201,first,0.460000008,0.150000006,45.29132199
1994,2,1,0,0.233667403,first,0.519999981,0.200000003,52.39216512
1998,2,1,0,0.233667403,first,0.519999981,0.200000003,38.81943797
2002,3,1,0,0.233667403,first,0.519999981,0.200000003,46.04400585
2006,6,1,0,0.233667403,first,0.519999981,0.200000003,44.53654724
2010,5,1,0,0.233667403,first,0.519999981,0.200000003,55.86653125
1988,2,1,1,0.257217854,first,0.579999983,0.189999998,61.62146511
2000,2,1,0,0.257217854,first,0.579999983,0.189999998,60.34900039
2004,2,1,0,0.257217854,first,0.579999983,0.189999998,51.90444708
2008,3,1,1,0.257217854,first,0.579999983,0.189999998,54.39113941
1990,4,1,1,0.189841881,third,0.340000004,0.090000004,76.83326424
1994,5,1,1,0.189841881,third,0.340000004,0.090000004,63.76743776
1998,5,1,0,0.189841881,third,0.340000004,0.090000004,55.33050483
2002,5,0,0,0.189841881,third,0.340000004,0.090000004,57.65754396
2006,2,1,1,0.189841881,third,0.340000004,0.090000004,42.45495167
2010,2,0,0,0.189841881,third,0.340000004,0.090000004,48.26729599
1990,2,0,0,0.314207643,third,0.280000001,0.119999997,66.72997586
1994,2,0,0,0.314207643,third,0.280000001,0.119999997,77.5876399
1998,3,0,0,0.314207643,third,0.280000001,0.119999997,60.41923907
2002,2,0,1,0.314207643,third,0.280000001,0.119999997,51.96382633
2006,2,0,0,0.314207643,third,0.280000001,0.119999997,50.71428494
1998,2,0,0,0.406557381,third,0.150000006,0.100000001,59.17643226
2006,2,0,0,0.406557381,third,0.150000006,0.100000001,42.54915473
2010,2,0,0,0.406557381,third,0.150000006,0.100000001,19.59562067
1990,2,0,0,0.28773585,third,0.230000004,0.050000001,77.4793396
1994,2,0,0,0.28773585,third,0.230000004,0.050000001,72.80334473
2010,2,0,1,0.28773585,third,0.230000004,0.050000001,58.58895874
1994,2,0,1,0.302325577,third,0.209999993,0.090000004,67.12062073
1998,2,0,1,0.302325577,third,0.209999993,0.090000004,61.63021851
1988,2,0,0,0.375661373,third,0.209999993,0.01,29.58034706
1992,2,0,1,0.375661373,third,0.209999993,0.01,82.64839935
2000,2,0,1,0.375661373,third,0.209999993,0.01,57.61317062
1992,2,0,0,0.292806774,fourth,0.129999995,0.109999999,66.20809925
1993,2,1,0,0.187372714,first,0.479999989,0.189999998,61.91571912
1994,2,1,0,0.187372714,first,0.479999989,0.189999998,71.64259898
1998,3,1,1,0.187372714,first,0.479999989,0.189999998,63.01812148
2002,2,0,0,0.187372714,first,0.479999989,0.189999998,56.58627316
2006,4,1,0,0.187372714,first,0.479999989,0.189999998,42.47578958
2010,3,1,1,0.187372714,first,0.479999989,0.189999998,45.45055766
1993,2,0,0,0.346901864,fourth,0.239999995,0.079999998,73.45545563
1997,2,0,0,0.346901864,fourth,0.239999995,0.079999998,63.46456973
2001,2,1,0,0.346901864,fourth,0.239999995,0.079999998,43.67438391
2005,3,1,1,0.346901864,fourth,0.239999995,0.079999998,53.63748146
2007,2,0,0,0.346901864,fourth,0.239999995,0.079999998,31.64390104
1990,2,1,0,0.303259015,second,0.330000013,0.090000004,68.72503731
1997,5,0,1,0.303259015,second,0.330000013,0.090000004,27.53823934
1998,4,0,1,0.303259015,second,0.330000013,0.090000004,52.22872487
2002,3,0,1,0.303259015,second,0.330000013,0.090000004,46.34649638
2003,4,0,1,0.303259015,second,0.330000013,0.090000004,51.95197133
2006,2,0,1,0.303259015,second,0.330000013,0.090000004,35.74846745
2010,2,0,0,0.303259015,second,0.330000013,0.090000004,37.62914578
2004,3,0,0,0.331747919,fourth,0.189999998,0.07,41.90575961
1990,1,0,0,0.277262181,first,0.49000001,0.209999993,86.38547442
1994,3,0,0,0.277262181,first,0.49000001,0.209999993,83.64147559
1998,3,1,0,0.277262181,first,0.49000001,0.209999993,67.50188881
2002,4,1,0,0.277262181,first,0.49000001,0.209999993,69.291482
2006,3,1,0,0.277262181,first,0.49000001,0.209999993,65.49532015
1994,2,1,1,0.238950282,first,0.639999986,0.209999993,70.38147358
1998,4,1,1,0.238950282,first,0.639999986,0.209999993,53.31068271
2006,3,1,1,0.238950282,first,0.639999986,0.209999993,52.1541647
2010,3,1,0,0.238950282,first,0.639999986,0.209999993,24.76086668
1988,3,1,0,0.302625716,third,0.239999995,0.150000006,61.20485915
1992,3,0,0,0.302625716,third,0.239999995,0.150000006,67.59473425
1996,2,0,1,0.302625716,third,0.239999995,0.150000006,63.46676573
2000,2,0,1,0.302625716,third,0.239999995,0.150000006,54.31077276
2004,4,0,1,0.302625716,third,0.239999995,0.150000006,56.09246868
1990,2,0,0,0.367364734,fourth,0.189999998,0.079999998,69.27227357
1998,2,0,0,0.367364734,fourth,0.189999998,0.079999998,48.32860733
2006,2,1,1,0.367364734,fourth,0.189999998,0.079999998,25.93769517
2010,3,0,1,0.367364734,fourth,0.189999998,0.079999998,34.70433724
1993,2,0,0,0.306717992,third,0.239999995,0.079999998,59.30221959
1997,3,0,0,0.306717992,third,0.239999995,0.079999998,58.5767984
2008,7,1,1,0.306717992,third,0.239999995,0.079999998,46.46192271
2009,3,0,1,0.306717992,third,0.239999995,0.079999998,45.73379225
1990,2,1,0,0.300420165,second,0.419999987,0.159999996,85.57300642
1994,3,1,0,0.300420165,second,0.419999987,0.159999996,69.70484956
1994,2,1,0,0.300420165,second,0.419999987,0.159999996,79.88008937
1998,3,1,0,0.300420165,second,0.419999987,0.159999996,63.33120847
2006,3,1,1,0.300420165,second,0.419999987,0.159999996,66.21565878
2010,3,1,0,0.300420165,second,0.419999987,0.159999996,73.80037411
1993,2,1,0,0.340000004,third,0.379999995,0.129999995,60.52318782
2001,2,1,0,0.340000004,third,0.379999995,0.129999995,53.48114082
2005,3,1,0,0.340000004,third,0.379999995,0.129999995,55.8413571
2009,3,1,0,0.340000004,third,0.379999995,0.129999995,55.73343845
2010,4,1,1,0.340000004,third,0.379999995,0.129999995,55.66615325
1994,3,0,1,0.282733321,second,0.370000005,0.129999995,65.60135838
2002,1,1,0,0.282733321,second,0.370000005,0.129999995,51.36986512
2006,2,1,0,0.282733321,second,0.370000005,0.129999995,57.27509953
2010,8,1,0,0.282733321,second,0.370000005,0.129999995,49.78678182
1994,2,0,0,0.226337448,second,0.430000007,0.119999997,57.57286914
1998,2,0,0,0.226337448,second,0.430000007,0.119999997,48.37522618
2002,2,1,0,0.226337448,second,0.430000007,0.119999997,48.5208775
2006,1,0,0,0.226337448,second,0.430000007,0.119999997,39.77174713
2010,4,1,0,0.226337448,second,0.430000007,0.119999997,39.08539013
1990,1,0,0,0.22626026,second,0.409999996,0.109999999,69.61053431
1994,3,0,0,0.22626026,second,0.409999996,0.109999999,62.10290737
1998,2,0,0,0.22626026,second,0.409999996,0.109999999,51.94417735
2002,2,0,1,0.22626026,second,0.409999996,0.109999999,43.37932257
2006,2,0,0,0.22626026,second,0.409999996,0.109999999,47.3835674
1990,2,0,0,0.353166997,third,0.159999996,0.029999999,79.35490175
1994,2,0,0,0.353166997,third,0.159999996,0.029999999,73.42935974
2006,2,0,1,0.353166997,third,0.159999996,0.029999999,46.34203486
1994,2,0,0,0.285879642,third,0.270000011,0.140000001,67.11659868
2002,3,0,0,0.285879642,third,0.270000011,0.140000001,36.83539021
2010,2,0,0,0.285879642,third,0.270000011,0.140000001,29.14306274
1994,2,0,1,0.303851873,fourth,0.119999997,0.07,50.94461622
2002,3,0,1,0.303851873,fourth,0.119999997,0.07,42.0148244
2006,2,0,1,0.303851873,fourth,0.119999997,0.07,39.15472807
2010,3,0,0,0.303851873,fourth,0.119999997,0.07,36.29397014
1990,2,0,0,0.353765339,second,0.409999996,0.170000002,68.16153884
1994,3,0,0,0.353765339,second,0.409999996,0.170000002,73.67134113
1998,4,0,0,0.353765339,second,0.409999996,0.170000002,65.37217642
2006,3,1,0,0.353765339,second,0.409999996,0.170000002,58.12515782
2010,2,1,0,0.353765339,second,0.409999996,0.170000002,56.71860435